"cust_id","location_id","name","city","age"
"1","1","Jocelyn","V├Âlkermarkt","34"
"2","2","Chastity","Tanjung Pinang","22"
"3","3","Bertha","Sciacca","47"
"4","4","Bert","Guntakal","41"
"5","5","Kevin","Kayseri","35"
"6","6","Rana","Rankweil","21"
"7","7","Yael","Overland Park","48"
"8","8","Jin","Dublin","41"
"9","9","Dominique","Dhule","47"
"10","10","Thomas","Owensboro","44"
"11","11","Emmanuel","Matagami","32"
"12","12","Fleur","Caruaru","44"
"13","13","Sandra","A Coru├▒a","40"
"14","14","Kim","Nothomb","46"
"15","15","Abdul","Carmen de Bolivar","31"
"16","16","Elvis","Chapadinha","26"
"17","17","Zephr","Strasbourg","41"
"18","18","Kitra","Hß╗úp H├▓a","25"
"19","19","Shaine","Mexico City","43"
"20","20","Mariam","Neuville","18"
"21","21","Rafael","Lincoln","34"
"22","22","Brian","Radom","32"
"23","23","Barrett","Barranca","29"
"24","24","Sydnee","Plauen","24"
"25","25","Dana","Mß╗╣ Tho","28"
"26","26","Marcia","Gdynia","22"
"27","27","Jamalia","Milestone","36"
"28","28","Chantale","Jiutepec","43"
"29","29","Hollee","Donosti","46"
"30","30","Keely","Waiblingen","26"
"31","31","Thaddeus","Calco","46"
"32","32","Jennifer","Emmen","38"
"33","33","Victoria","Tarn├│w","19"
"34","34","Emerald","Christchurch","44"
"35","35","Alvin","Husum","31"
"36","36","Samuel","Calamar","19"
"37","37","Indigo","Cartagena","22"
"38","38","Brendan","Legan├®s","24"
"39","39","Cheyenne","Dublin","29"
"40","40","Shellie","Ussassai","35"
"41","41","Abdul","Lublin","41"
"42","42","Donovan","St. Johann in Tirol","44"
"43","43","Fay","Oryol","38"
"44","44","Penelope","Darwin","28"
"45","45","Chava","Lede","47"
"46","46","Marsden","G┼¢rouville","23"
"47","47","Noah","Manado","32"
"48","48","Janna","Tran├Ñs","27"
"49","49","Pearl","Stargard Szczeci┼äski","49"
"50","50","Shoshana","Gasteiz","30"
"51","51","Forrest","Lang","49"
"52","52","Quamar","Tarn├│w","19"
"53","53","Ursula","Marchtrenk","33"
"54","54","Shad","Berlin","29"
"55","55","Paki","Columbia","34"
"56","56","Thor","Vetlanda","34"
"57","57","Zoe","Emmen","46"
"58","58","Virginia","Torghar","22"
"59","59","Marvin","Mirny","24"
"60","60","Elizabeth","Hillsboro","29"
"61","61","Paki","Sierra Gorda","18"
"62","62","Kevyn","Ukkel","33"
"63","63","Marcia","Leominster","45"
"64","64","Serina","P─▒narba┼ƒ─▒","44"
"65","65","Rosalyn","Lambayeque","48"
"66","66","Timon","Enns","48"
"67","67","Quin","Murray Bridge","31"
"68","68","Aimee","West Ham","36"
"69","69","Pamela","Pamplona","39"
"70","70","Sheila","Palmira","31"
"71","71","Stewart","Bajaur Agency","39"
"72","72","Cade","Ajaccio","34"
"73","73","Macaulay","Kayseri","18"
"74","74","Alma","Felixstowe","32"
"75","75","Branden","Marlborough","31"
"76","76","Delilah","Aizwal","39"
"77","77","Hunter","Samarinda","19"
"78","78","Brock","Tehuac├ín","40"
"79","79","Ryder","Tehuac├ín","28"
"80","80","Roary","Rae Lakes","28"
"81","81","Meghan","Hofors","39"
"82","82","Evelyn","Camet├í","36"
"83","83","Naomi","Katowice","49"
"84","84","Aiko","Desamparados","21"
"85","85","Dexter","Matamata","49"
"86","86","Magee","Macchia Valfortore","26"
"87","87","Nero","Vologda","34"
"88","88","Rhona","Almer├¡a","39"
"89","89","Bianca","Yeongcheon","47"
"90","90","Sophia","Rio Verde","46"
"91","91","Leroy","Vienna","47"
"92","92","Brock","Independence","38"
"93","93","Tyler","Belfast","36"
"94","94","Amelia","Massimino","31"
"95","95","Orla","Lima","42"
"96","96","Tarik","Coltauco","26"
"97","97","Yolanda","Mexico City","33"
"98","98","Alden","Galway","49"
"99","99","Cheyenne","Bajaur Agency","35"
